City ID,City,Lat,Lng,Max Temp,Humidity,Cloudiness,Wind Speed,Country,Date
0,Iqaluit,63.75,-68.51,10.4,66,40,17.22,CA,1607900752
1,Clyde River,70.47,-68.59,-2.2,70,90,6.93,CA,1607900759
2,São João da Barra,-21.64,-41.05,75.97,83,97,20.51,BR,1607900759
3,Anadyr,64.75,177.48,23.0,79,75,13.42,RU,1607900759
4,Upernavik,72.79,-56.15,24.51,98,100,1.54,GL,1607900752
5,Kuching,1.55,110.33,73.4,100,20,2.24,MY,1607900759
6,Gari,59.43,62.35,16.48,89,35,10.13,RU,1607900759
7,Gāndhīdhām,23.08,70.13,65.75,40,0,12.08,IN,1607900759
8,Saravena,6.95,-71.88,75.63,64,73,1.12,CO,1607900759
9,Ribeira Grande,38.52,-28.7,57.63,68,56,22.44,PT,1607900729
10,Saint Paul Harbor,57.79,-152.41,42.8,93,90,18.34,US,1607900759
11,Puerto Ayora,-0.74,-90.35,82.4,58,0,10.29,EC,1607900760
12,Saskylakh,71.92,114.08,-23.17,83,100,17.6,RU,1607900724
13,Guerrero Negro,27.98,-114.06,71.33,21,0,19.04,MX,1607900760
14,Chunskiy,56.08,99.63,11.35,95,100,5.77,RU,1607900760
15,Ola,59.58,151.28,-8.82,86,95,15.39,RU,1607900760
16,Gīdolē,5.65,37.37,58.21,52,31,2.46,ET,1607900760
17,Rikitea,-23.12,-134.97,76.28,70,42,5.1,PF,1607900760
18,Kapaa,22.08,-159.32,82.4,65,1,6.93,US,1607900760
19,Bathsheba,13.22,-59.52,80.6,78,40,9.17,BB,1607900761
20,Port Blair,11.67,92.75,77.14,77,68,7.67,IN,1607900761
21,George Town,5.41,100.34,78.8,94,20,2.24,MY,1607900698
22,Hong Kong,22.29,114.16,70.0,80,86,1.99,HK,1607900502
23,Hermanus,-34.42,19.23,57.0,92,19,7.49,ZA,1607900746
24,Turukhansk,65.82,87.98,4.51,94,100,12.88,RU,1607900761
25,Ushuaia,-54.8,-68.3,48.2,45,40,17.22,AR,1607900520
26,Moose Factory,51.26,-80.61,12.2,85,90,8.05,CA,1607900761
27,Sechura,-5.56,-80.82,73.87,64,39,17.69,PE,1607900761
28,Rāisinghnagar,29.54,73.45,49.96,72,0,3.13,IN,1607900761
29,Māngrol,21.12,70.12,67.03,48,62,14.45,IN,1607900762
30,Severnyy,50.68,36.55,26.6,92,90,13.42,RU,1607900762
31,Yellowknife,62.46,-114.35,-25.01,67,20,6.93,CA,1607900468
32,Jamestown,42.1,-79.24,33.01,92,90,8.05,US,1607900741
33,Pacific Grove,36.62,-121.92,59.0,82,90,6.93,US,1607900647
34,Kingman,35.19,-114.05,55.0,13,1,0.76,US,1607900479
35,Cherskiy,68.75,161.3,-17.48,88,100,4.36,RU,1607900763
36,Albany,42.6,-73.97,42.01,65,100,7.96,US,1607900741
37,Saint-Augustin,51.23,-58.65,19.71,94,100,18.41,CA,1607900763
38,Makakilo City,21.35,-158.09,82.4,65,1,8.05,US,1607900763
39,Mataura,-46.19,168.86,57.0,72,89,13.0,NZ,1607900763
40,Bandarbeyla,9.49,50.81,72.9,68,0,16.49,SO,1607900763
41,Saint George,37.1,-113.58,46.0,32,1,5.17,US,1607900758
42,Port Elizabeth,-33.92,25.57,66.2,93,0,2.24,ZA,1607900763
43,Karpinsk,59.77,60.01,19.63,82,99,14.07,RU,1607900763
44,Tabou,4.42,-7.35,78.51,86,80,6.35,CI,1607900764
45,Port Macquarie,-31.43,152.92,69.01,99,100,1.01,AU,1607900499
46,Myitkyina,25.38,97.4,60.58,77,49,1.97,MM,1607900765
47,Bengkulu,-3.8,102.27,74.5,84,100,2.13,ID,1607900765
48,Nikolskoye,59.7,30.79,25.0,85,90,2.24,RU,1607900765
49,Adrar,20.5,-10.07,63.39,28,95,5.44,MR,1607900765
50,Avarua,-21.21,-159.78,84.2,74,43,6.93,CK,1607900728
51,Sabha,27.04,14.43,50.94,51,0,6.29,LY,1607900765
52,Kiruna,67.86,20.23,17.6,92,100,3.36,SE,1607900583
53,Zaranj,30.97,61.88,34.68,69,0,17.72,AF,1607900765
54,Misratah,32.38,15.09,61.95,68,8,29.64,LY,1607900765
55,Barrow,71.29,-156.79,-4.0,64,1,24.16,US,1607900766
56,Bluff,-46.6,168.33,57.0,72,100,13.0,NZ,1607900725
57,Chokurdakh,70.63,147.92,-19.79,88,100,6.58,RU,1607900766
58,Galich,58.38,42.35,14.45,95,84,7.38,RU,1607900766
59,Lebu,-37.62,-73.65,55.24,74,12,15.41,CL,1607900766
60,Birjand,32.87,59.22,21.2,67,0,4.7,IR,1607900766
61,Norman Wells,65.28,-126.83,-40.0,65,20,4.7,CA,1607900736
62,Blairmore,49.6,-114.44,12.2,78,100,14.99,CA,1607900766
63,Lokosovo,61.13,74.82,10.4,95,100,8.55,RU,1607900766
64,Del Rio,29.36,-100.9,66.2,19,75,20.8,US,1607900659
65,Tura,25.52,90.22,59.27,70,88,3.09,IN,1607900766
66,Punta Arenas,-53.15,-70.92,50.0,61,40,20.8,CL,1607900549
67,Malgobek,43.51,44.59,24.8,100,6,2.24,RU,1607900766
68,Khatanga,71.97,102.5,-5.33,92,100,8.88,RU,1607900723
69,Totness,5.88,-56.32,79.39,83,49,10.38,SR,1607900766
70,Pingliang,35.54,106.69,16.07,80,99,4.07,CN,1607900470
71,Luohe,33.57,114.04,25.29,79,73,5.32,CN,1607900767
72,Tuktoyaktuk,69.45,-133.04,-4.0,76,90,13.87,CA,1607900767
73,Coxim,-18.51,-54.76,84.36,51,45,4.36,BR,1607900767
74,Rochegda,62.8,43.25,17.22,97,70,6.24,RU,1607900767
75,Cape Town,-33.93,18.42,62.01,82,0,3.36,ZA,1607900761
76,Shellbrook,53.22,-106.4,-5.8,63,20,10.29,CA,1607900667
77,Hamilton,39.18,-84.53,43.0,70,90,5.82,US,1607900731
78,Copiapó,-27.37,-70.33,64.4,72,20,11.41,CL,1607900767
79,Camacha,33.08,-16.33,60.8,93,40,8.05,PT,1607900732
80,Hithadhoo,-0.6,73.08,82.27,77,58,15.75,MV,1607900767
81,Bredasdorp,-34.53,20.04,59.0,82,55,2.24,ZA,1607900767
82,Saint-Philippe,-21.36,55.77,73.4,88,90,16.11,RE,1607900767
83,Padang,-0.95,100.35,76.98,69,100,3.42,ID,1607900510
84,Airai,-8.93,125.41,65.5,100,100,0.56,TL,1607900738
85,Castro,-24.79,-50.01,66.7,95,45,4.79,BR,1607900743
86,Qaanaaq,77.48,-69.36,24.84,92,100,5.91,GL,1607900737
87,Aktobe,50.28,57.21,-4.0,76,90,2.24,KZ,1607900768
88,Provideniya,64.38,-173.3,19.4,85,90,22.37,RU,1607900768
89,Lázaro Cárdenas,17.96,-102.2,80.78,69,0,5.37,MX,1607900768
90,Kaitangata,-46.28,169.85,62.01,58,89,8.99,NZ,1607900526
91,Cabedelo,-6.98,-34.83,77.0,94,75,9.17,BR,1607900768
92,Katsuura,35.13,140.3,57.2,54,75,23.04,JP,1607900768
93,Chui,-33.7,-53.46,65.57,68,100,9.82,UY,1607900768
94,Vaini,-21.2,-175.2,84.2,79,20,14.99,TO,1607900768
95,Busselton,-33.65,115.33,53.01,94,25,9.31,AU,1607900768
96,Vestmannaeyjar,63.44,-20.27,43.0,84,100,26.53,IS,1607900768
97,Kavieng,-2.57,150.8,84.88,73,33,10.36,PG,1607900769
98,Atuona,-9.8,-139.03,79.34,72,1,14.09,PF,1607900769
99,Thompson,55.74,-97.86,-14.8,75,20,5.82,CA,1607900769
100,Kasempa,-13.46,25.83,64.94,87,100,7.54,ZM,1607900769
101,Longyearbyen,78.22,15.64,19.4,67,75,2.24,SJ,1607900769
102,Dikson,73.51,80.55,-3.32,91,100,14.76,RU,1607900769
103,Karratha,-20.74,116.85,77.27,61,14,9.15,AU,1607900709
104,Vestmanna,62.16,-7.17,46.4,75,100,31.09,FO,1607900769
105,Cidreira,-30.18,-50.21,70.81,95,84,6.76,BR,1607900769
106,Tasiilaq,65.61,-37.64,37.4,64,100,17.94,GL,1607900737
107,Pevek,69.7,170.31,6.87,91,100,2.15,RU,1607900770
108,Hobart,-42.88,147.33,75.99,43,0,14.99,AU,1607900770
109,Porto-Novo,6.5,2.6,82.4,88,20,10.29,BJ,1607900593
110,Okhotsk,59.38,143.3,-2.38,82,100,18.05,RU,1607900770
111,Flin Flon,54.77,-101.86,-7.6,76,40,4.7,CA,1607900770
112,Wrocław,51.1,17.03,39.99,93,75,4.7,PL,1607900543
113,Narrabri,-30.32,149.78,71.6,53,75,14.99,AU,1607900770
114,Mount Gambier,-37.83,140.77,80.6,30,75,20.8,AU,1607900771
115,Lüderitz,-26.65,15.16,59.0,87,0,14.99,NA,1607900771
116,Arraial do Cabo,-22.97,-42.03,77.0,83,75,9.17,BR,1607900771
117,Cayenne,4.93,-52.33,78.8,88,0,7.4,GF,1607900771
118,Road Town,18.42,-64.62,79.0,83,40,5.82,VG,1607900771
119,Slave Lake,55.28,-114.77,-0.4,70,1,13.87,CA,1607900772
120,Lagoa,39.05,-27.98,57.67,63,27,26.11,PT,1607900772
121,Avera,33.19,-82.53,64.4,100,90,3.36,US,1607900772
122,Luang Prabang,19.89,102.13,59.79,84,0,0.87,LA,1607900772
123,Bambous Virieux,-20.34,57.76,75.2,88,75,14.99,MU,1607900772
124,Muros,42.78,-9.06,59.0,86,55,13.0,ES,1607900772
125,Zasheyek,67.41,32.55,21.0,96,100,3.44,RU,1607900773
126,Dobroye,52.87,39.81,17.6,78,75,11.18,RU,1607900773
127,Esperance,-33.87,121.9,62.6,63,40,17.22,AU,1607900731
128,Chicama,-7.84,-79.15,68.0,82,92,10.29,PE,1607900773
129,Banikoara,11.3,2.44,76.77,21,0,3.83,BJ,1607900773
130,Pisco,-13.7,-76.22,71.6,73,0,24.16,PE,1607900773
131,Arman',59.7,150.17,-8.9,85,53,18.19,RU,1607900773
132,Ngunguru,-35.62,174.5,72.0,56,68,11.01,NZ,1607900773
133,Berlevåg,70.86,29.09,32.0,92,75,9.17,NO,1607900774
134,Kingsland,30.8,-81.69,64.0,91,99,3.69,US,1607900774
135,Ingham,42.6,-84.38,35.6,80,90,3.33,US,1607900774
136,Akdepe,42.06,59.38,6.8,92,0,2.24,TM,1607900774
137,Ardakān,32.31,54.02,35.6,80,0,2.24,IR,1607900774
138,Morondava,-20.28,44.28,79.63,81,96,6.08,MG,1607900774
139,Te Anau,-45.42,167.72,60.96,50,15,2.13,NZ,1607900627
140,Westport,41.14,-73.36,53.01,60,96,7.4,US,1607900770
141,Kulhudhuffushi,6.62,73.07,82.02,70,68,6.06,MV,1607900774
142,Kamenka,51.32,42.77,16.63,94,90,12.03,RU,1607900774
143,Asău,46.43,26.4,34.0,2,62,3.27,RO,1607900774
144,San Patricio,28.02,-97.52,77.0,61,75,26.4,US,1607900775
145,Elizabeth City,36.29,-76.25,63.0,93,40,3.36,US,1607900571
146,Aksu,41.12,80.26,17.28,95,12,2.59,CN,1607900775
147,Bende,5.56,7.64,75.58,90,99,4.5,NG,1607900775
148,Kruisfontein,-34.0,24.73,64.0,95,7,1.01,ZA,1607900775
149,Sistranda,63.73,8.83,33.8,86,0,11.41,NO,1607900775
150,Province of Caltanissetta,37.37,14.06,50.0,78,4,1.99,IT,1607900775
151,Sarankhola,22.31,89.79,65.41,63,48,3.8,BD,1607900775
152,São José da Coroa Grande,-8.9,-35.15,78.69,76,63,10.27,BR,1607900775
153,Lorengau,-2.02,147.27,83.88,78,83,12.68,PG,1607900776
154,Beloha,-25.17,45.05,73.47,61,0,12.12,MG,1607900776
155,Torbay,47.67,-52.73,30.0,92,90,16.11,CA,1607900718
156,Vila Franca do Campo,37.72,-25.43,55.4,71,40,13.87,PT,1607900776
157,Constitución,-35.33,-72.42,63.88,51,2,18.48,CL,1607900700
158,Iraquara,-12.25,-41.62,69.6,56,0,3.13,BR,1607900776
159,Santa Cruz de la Sierra,-17.8,-63.17,82.4,69,40,16.11,BO,1607900776
160,Bogovarovo,58.98,47.02,10.31,96,23,6.11,RU,1607900776
161,Antofagasta,-23.65,-70.4,66.2,68,20,13.87,CL,1607900734
162,Wichita Falls,33.91,-98.49,35.6,91,90,13.87,US,1607900776
163,Baghmara,23.8,86.21,64.72,73,38,4.27,IN,1607900776
164,Butaritari,3.07,172.79,82.27,74,4,18.01,KI,1607900776
165,El Sauzal de Rodríguez,31.9,-116.68,66.0,65,24,4.18,MX,1607900777
166,Hilo,19.73,-155.09,80.6,69,90,5.82,US,1607900483
167,Três Lagoas,-20.75,-51.68,81.27,58,46,1.79,BR,1607900777
168,Skibbereen,51.55,-9.27,46.4,100,75,24.16,IE,1607900777
169,Polson,47.69,-114.16,26.01,65,100,1.99,US,1607900777
170,Myaundzha,63.05,147.19,-17.45,83,100,3.13,RU,1607900777
171,Bousso,10.48,16.71,75.83,19,59,4.56,TD,1607900587
172,Mercedes,-34.65,-59.43,71.01,48,10,6.67,AR,1607900777
173,Taltal,-25.4,-70.48,66.56,58,22,4.85,CL,1607900777
174,Faanui,-16.48,-151.75,80.2,73,3,11.52,PF,1607900748
175,Tevriz,57.51,72.4,11.89,95,100,7.25,RU,1607900777
176,Storforshei,66.4,14.52,39.2,60,75,11.41,NO,1607900778
177,Borūjerd,33.9,48.75,37.63,73,10,1.63,IR,1607900778
178,Marabu,4.41,114.01,77.0,94,40,2.24,MY,1607900503
179,Chaman,30.92,66.45,36.28,75,0,6.85,PK,1607900778
180,Daru,-9.08,143.21,84.11,72,100,4.32,PG,1607900778
181,High Level,58.52,-117.14,-14.8,83,75,4.16,CA,1607900500
182,Port Moresby,-9.44,147.18,84.2,70,20,11.41,PG,1607900778
183,Kahului,20.89,-156.47,84.2,54,40,6.93,US,1607900715
184,Coyhaique,-45.58,-72.07,51.8,57,90,10.29,CL,1607900758
185,Beyneu,45.32,55.2,22.69,94,25,12.03,KZ,1607900778
186,La Paz,-16.5,-68.15,57.2,50,75,12.75,BO,1607900519
187,Calvinia,-31.47,19.78,59.34,33,0,3.42,ZA,1607900639
188,Bajil,15.06,43.29,75.16,71,0,6.02,YE,1607900778
189,Honningsvåg,70.98,25.97,30.2,80,75,3.36,NO,1607900778
190,Mt. Pleasant,32.79,-79.86,62.01,100,75,6.58,US,1607900778
191,Dwārka,22.24,68.97,70.77,41,0,15.19,IN,1607900747
192,Manjacaze,-24.71,33.88,72.95,95,0,5.77,MZ,1607900779
193,Bubaque,11.28,-15.83,80.58,63,0,9.69,GW,1607900779
194,Komsomolets,53.75,62.07,11.16,92,0,5.91,KZ,1607900779
195,Yulara,-25.24,130.99,84.2,58,72,6.93,AU,1607900779
196,Pedasí,7.53,-80.03,80.69,82,35,8.59,PA,1607900779
197,Varberg,57.11,12.25,39.99,93,45,5.82,SE,1607900779
198,East London,-33.02,27.91,70.23,84,56,12.01,ZA,1607900743
199,Mahibadhoo,3.78,72.97,82.36,72,57,9.98,MV,1607900779
200,Boguchany,58.38,97.45,3.76,92,100,3.94,RU,1607900779
201,Tiksi,71.69,128.87,-28.68,82,26,3.83,RU,1607900779
202,Port Alfred,-33.59,26.89,66.0,96,20,3.0,ZA,1607900779
203,Ilulissat,69.22,-51.1,24.8,73,100,8.05,GL,1607900779
204,Minbu,20.18,94.88,64.35,71,0,2.08,MM,1607900780
205,Noumea,-22.28,166.46,82.4,69,90,4.7,NC,1607900759
206,Oranjestad,12.52,-70.03,82.4,74,20,20.8,AW,1607900485
207,Najrān,17.49,44.13,53.6,46,0,0.49,SA,1607900780
208,Sisimiut,66.94,-53.67,20.48,94,100,7.52,GL,1607900780
209,Mar del Plata,-38.0,-57.56,66.2,37,0,6.93,AR,1607900522
210,Kysyl-Syr,63.9,122.76,-40.88,79,47,4.61,RU,1607900780
211,Sindor,62.86,51.89,17.2,96,72,8.12,RU,1607900781
212,Kiryat Gat,31.61,34.76,73.99,55,0,3.36,IL,1607900781
213,Ekhabi,53.51,142.97,9.93,96,76,14.41,RU,1607900781
214,Neiafu,-18.65,-173.98,77.0,94,90,20.8,TO,1607900781
215,Petropavlovsk-Kamchatskiy,53.05,158.65,33.8,69,90,15.66,RU,1607900781
216,Konch,25.98,79.15,61.21,40,32,6.06,IN,1607900781
217,Havøysund,71.0,24.66,30.2,74,75,23.04,NO,1607900781
218,Bethel,41.37,-73.41,51.8,53,1,5.82,US,1607900781
219,Camabatela,-8.19,15.38,60.21,86,62,1.21,AO,1607900781
220,Korla,41.76,86.15,17.83,86,0,2.91,CN,1607900781
221,Talnakh,69.49,88.4,-13.0,75,99,6.71,RU,1607900779
222,Ponta do Sol,32.67,-17.1,62.6,82,20,1.12,PT,1607900729
223,Nakusp,50.25,-117.8,32.0,90,97,2.24,CA,1607900782
224,Ankazoabo,-22.28,44.52,73.96,68,86,6.76,MG,1607900782
225,Cabo San Lucas,22.89,-109.91,78.8,60,5,9.17,MX,1607900782
226,Nome,64.5,-165.41,15.8,56,1,13.87,US,1607900782
227,Olden,61.84,6.81,28.99,87,89,8.16,NO,1607900782
228,Nguruka,-5.11,31.04,64.94,93,97,0.58,TZ,1607900646
229,Huanren,41.26,125.37,5.85,77,56,4.38,CN,1607900782
230,Sioux Lookout,50.1,-91.92,15.8,92,90,4.7,CA,1607900782
231,Quzhou,28.96,118.87,39.18,87,100,9.1,CN,1607900782
232,Texarkana,33.43,-94.05,42.8,87,90,11.41,US,1607900782
233,Pimenta Bueno,-11.67,-61.19,80.24,69,99,1.43,BR,1607900782
234,Datong,40.09,113.29,2.66,78,0,5.17,CN,1607900782
235,Leningradskiy,69.38,178.42,15.89,90,100,19.98,RU,1607900782
236,Tual,-5.67,132.75,83.19,76,100,11.16,ID,1607900783
237,Narsaq,60.92,-46.05,26.6,86,75,2.24,GL,1607900783
238,Naze,28.37,129.48,66.2,72,75,6.93,JP,1607900699
239,Rio Brilhante,-21.8,-54.55,80.19,70,59,5.75,BR,1607900783
240,Lata,40.16,-8.33,59.0,92,100,1.01,PT,1607900749
241,New Norfolk,-42.78,147.06,75.99,46,0,5.01,AU,1607900783
242,Toamasina,-18.17,49.38,71.6,94,75,6.93,MG,1607900783
243,Saýat,38.78,63.88,24.8,85,90,4.7,TM,1607900783
244,Russell,32.35,-85.2,66.2,82,75,4.14,US,1607900783
245,Chute-aux-Outardes,49.12,-68.4,28.4,100,90,21.92,CA,1607900783
246,Quatre Cocos,-20.21,57.76,75.2,88,75,14.99,MU,1607900783
247,Ust-Nera,64.57,143.2,-26.72,73,93,2.59,RU,1607900783
248,Ormara,25.21,64.64,70.2,34,0,11.81,PK,1607900784
249,Harper,4.38,-7.72,78.57,85,31,5.84,LR,1607900610
250,Teknāf,20.86,92.31,65.66,81,0,4.7,BD,1607900784
251,Sambava,-14.27,50.17,75.43,80,14,12.84,MG,1607900784
252,Marsabit,2.33,37.99,65.44,71,27,8.25,KE,1607900784
253,Vila Velha,-20.33,-40.29,77.0,78,0,11.41,BR,1607900527
254,Emerald,-23.53,148.17,81.0,47,16,12.75,AU,1607900784
255,Kieta,-6.22,155.63,85.78,65,91,4.03,PG,1607900784
256,Labuan,5.28,115.24,77.0,94,20,7.09,MY,1607900784
257,Udachny,66.42,112.4,-23.8,67,0,6.71,RU,1607900784
258,Raudeberg,61.99,5.14,46.4,65,95,17.22,NO,1607900784
259,Lompoc,34.64,-120.46,60.8,72,75,5.82,US,1607900784
260,Sobradinho,-12.83,-39.1,71.08,84,61,5.19,BR,1607900624
261,Inhambane,-23.86,35.38,77.11,90,4,7.2,MZ,1607900785
262,Quelimane,-17.88,36.89,80.6,88,40,3.4,MZ,1607900534
263,Nelson,-41.28,173.28,63.0,78,96,3.0,NZ,1607900775
264,Muzhi,65.37,64.67,16.63,94,100,5.23,RU,1607900785
265,Guarapari,-20.67,-40.5,77.0,78,0,11.41,BR,1607900785
266,Mackenzie,55.3,-123.17,12.2,66,90,2.24,CA,1607900785
267,Bacolod City,10.67,122.95,79.12,83,59,5.64,PH,1607900638
268,Olafsvik,64.89,-23.71,38.3,79,99,23.06,IS,1607900785
269,Yerbogachën,61.28,108.01,-22.67,85,96,9.04,RU,1607900785
270,Carnarvon,-24.87,113.63,66.2,63,1,17.22,AU,1607900736
271,Atasū,48.68,71.64,7.14,86,100,2.98,KZ,1607900785
272,Mackay,-21.15,149.2,78.8,54,72,10.29,AU,1607900785
273,Biak,-0.91,122.88,79.99,73,82,1.45,ID,1607900786
274,Bac Lieu,9.29,105.72,75.94,93,83,6.49,VN,1607900786
275,Weihe,33.0,105.32,25.77,91,100,3.49,CN,1607900786
276,Pangody,65.85,74.49,12.7,97,100,4.97,RU,1607900786
277,Ust-Maya,60.42,134.53,-48.91,76,100,1.28,RU,1607900786
278,Marigot,18.07,-63.08,79.0,78,20,5.82,MF,1607900532
279,Oussouye,12.48,-16.55,73.4,83,0,2.24,SN,1607900786
280,Rio Rancho,35.23,-106.66,39.99,37,1,5.82,US,1607900519
281,Amnat Charoen,15.92,104.75,71.22,89,51,7.07,TH,1607900786
282,Ivanivka,46.72,34.55,41.58,86,99,16.71,UA,1607900786
283,Daye,30.08,114.95,36.19,84,100,4.94,CN,1607900787
284,Sicamous,50.83,-118.99,32.0,87,100,1.12,CA,1607900787
285,Kamina,-8.74,24.99,61.83,99,99,4.43,CD,1607900787
286,Esim,4.87,-2.24,78.98,85,100,6.44,GH,1607900787
287,West Odessa,31.84,-102.5,42.8,45,40,12.75,US,1607900672
288,San Cristobal,7.77,-72.22,84.2,62,20,9.17,VE,1607900787
289,Pangnirtung,66.15,-65.71,-10.91,70,0,4.94,CA,1607900787
290,Bosaso,11.28,49.18,73.56,54,0,4.43,SO,1607900606
291,Naivasha,-0.72,36.44,55.99,85,2,8.01,KE,1607900787
292,Pringsewu,-5.36,104.97,72.99,93,100,3.2,ID,1607900787
293,Katherine,-14.47,132.27,75.2,94,90,5.82,AU,1607900787
294,Mahébourg,-20.41,57.7,75.2,88,75,14.99,MU,1607900788
295,Auki,-8.77,160.7,84.51,73,99,3.09,SB,1607900788
296,Domoni,-12.26,44.53,78.46,71,8,2.77,KM,1607900788
297,Alofi,-19.06,-169.92,73.4,94,90,10.29,NU,1607900788
298,Williston,48.15,-103.62,8.01,76,1,3.0,US,1607900788
299,Salinópolis,-0.61,-47.36,80.55,79,80,9.98,BR,1607900788
300,Sterling,39.01,-77.43,51.01,57,1,5.82,US,1607900715
301,Sørland,67.67,12.69,39.0,74,20,11.72,NO,1607900788
302,Hofn,64.25,-15.21,40.14,86,100,31.54,IS,1607900788
303,Kenai,60.55,-151.26,33.8,55,90,13.87,US,1607900789
304,Thunder Bay,48.4,-89.32,18.0,78,90,11.41,CA,1607900570
305,Mbandaka,0.05,18.26,70.84,88,76,3.15,CD,1607900789
306,Gusau,12.16,6.66,72.41,21,0,5.26,NG,1607900789
307,Zhangye,38.93,100.45,10.4,77,8,1.45,CN,1607900789
308,Ninghai,29.29,121.42,42.01,86,100,1.99,CN,1607900789
309,Vao,-22.67,167.48,77.05,80,83,24.23,NC,1607900789
310,Jiayuguan City,39.82,98.3,8.31,83,79,0.96,CN,1607900789
311,Manokwari,-0.87,134.08,82.02,73,100,3.15,ID,1607900761
312,Ripiceni,47.95,27.13,34.0,95,90,6.93,RO,1607900789
313,Sucúa,-2.47,-78.17,69.8,88,75,3.36,EC,1607900789
314,Beringovskiy,63.05,179.32,28.8,98,100,22.91,RU,1607900789
315,Lima,-12.04,-77.03,69.8,77,40,19.46,PE,1607900733
316,Coquimbo,-29.95,-71.34,62.6,77,20,12.75,CL,1607900790
317,Maniitsoq,65.42,-52.9,17.28,90,100,4.72,GL,1607900790
318,Adré,13.47,22.2,73.53,19,100,8.77,TD,1607900790
319,Buin,-33.73,-70.75,87.8,15,0,11.41,CL,1607900790
320,Pangkalanbuun,-2.68,111.62,75.42,88,100,1.66,ID,1607900790
321,Channel-Port aux Basques,47.57,-59.14,34.61,89,99,26.4,CA,1607900790
322,Tadine,-21.55,167.88,81.09,73,82,19.04,NC,1607900790
323,Tawao,4.25,117.89,73.4,94,20,1.12,MY,1607900790
324,Kashan,33.98,51.44,41.31,66,19,3.67,IR,1607900790
325,Port Lincoln,-34.73,135.87,77.92,55,1,12.97,AU,1607900791
326,Ixtapa,20.7,-105.2,78.8,69,90,12.75,MX,1607900791
327,Nanortalik,60.14,-45.24,30.85,97,100,11.03,GL,1607900791
328,Liverpool,53.41,-2.98,51.8,87,20,14.99,GB,1607900689
329,Shelburne,44.08,-80.2,32.0,93,99,8.39,CA,1607900791
330,Sayyan,15.17,44.32,38.97,69,0,3.83,YE,1607900494
331,Geraldton,-28.77,114.6,59.0,72,0,4.7,AU,1607900791
332,Heraclea,37.51,34.05,45.88,70,90,1.57,TR,1607900791
333,Yangi Marg`ilon,40.43,71.72,30.2,80,90,2.24,UZ,1607900791
334,Prince Rupert,54.32,-130.32,44.6,52,90,14.99,CA,1607900621
335,Longfeng,46.55,125.12,-5.12,82,0,7.09,CN,1607900792
336,Abadan,38.05,58.21,24.8,92,90,9.17,TM,1607900792
337,Ruteng,-8.61,120.47,67.57,93,100,0.31,ID,1607900792
338,Innisfail,-17.53,146.03,81.1,65,98,2.37,AU,1607900792
339,Hasaki,35.73,140.83,41.0,93,75,5.82,JP,1607900792
340,Tromsø,69.65,18.96,28.0,92,0,19.46,NO,1607900792
341,Seoul,37.57,126.98,17.6,47,1,5.82,KR,1607900540
342,Basco,20.45,121.97,76.26,85,59,19.77,PH,1607900792
343,Goderich,43.75,-81.72,32.0,87,100,6.93,CA,1607900793
344,Drăghiceni,44.13,24.25,43.0,100,75,3.36,RO,1607900793
345,Ugoofaaru,5.67,73.0,82.06,69,88,5.03,MV,1607900793
346,Fort Nelson,58.81,-122.7,-14.8,75,75,2.24,CA,1607900793
347,Broken Hill,-31.95,141.43,82.4,24,40,14.99,AU,1607900793
348,Waipawa,-41.41,175.52,60.01,76,74,13.87,NZ,1607900793
349,Dzan,20.38,-89.47,86.0,58,75,9.17,MX,1607900793
350,Sulangan,11.14,123.72,81.97,80,31,10.49,PH,1607900793
351,Baykit,61.67,96.37,-7.13,87,100,1.95,RU,1607900793
352,Deputatsky,69.3,139.9,-23.91,87,100,2.37,RU,1607900793
353,Severo-Kuril'sk,50.68,156.12,35.42,90,100,45.1,RU,1607900793
354,Husavik,66.04,-17.34,41.0,84,90,9.17,IS,1607900793
355,Limbang,4.75,115.0,77.0,94,75,4.7,MY,1607900793
356,Flinders,-34.58,150.86,73.0,80,83,3.0,AU,1607900690
357,Meulaboh,4.14,96.13,76.68,85,99,4.14,ID,1607900794
358,Chapais,49.78,-74.85,17.6,85,90,8.05,CA,1607900794
359,Pangai,-19.8,-174.35,80.6,83,75,18.34,TO,1607900794
360,West Bay,19.37,-81.42,82.4,78,20,10.29,KY,1607900791
361,Sheridan,44.83,-106.92,19.4,73,1,6.71,US,1607900794
362,Coruripe,-10.13,-36.18,76.66,78,31,8.79,BR,1607900794
363,Tilichiki,60.47,166.1,2.7,96,93,8.41,RU,1607900794
364,Bambanglipuro,-7.95,110.28,75.97,89,100,3.58,ID,1607900605
365,North Platte,41.12,-100.77,37.4,40,1,10.29,US,1607900794
366,Caravelas,-17.71,-39.25,74.21,82,1,6.26,BR,1607900794
367,Kokoda,-8.88,147.74,84.22,57,100,0.78,PG,1607900794
368,Tërny,50.98,33.98,31.59,98,100,10.4,UA,1607900794
369,Bukowno,50.26,19.46,34.0,99,98,2.17,PL,1607900794
370,Rakke,58.98,26.25,19.4,97,48,2.24,EE,1607900795
371,Omboué,-1.57,9.26,77.0,89,100,7.99,GA,1607900795
372,Samarai,-10.62,150.67,83.37,70,98,8.52,PG,1607900795
373,Tiznit Province,29.58,-9.5,58.71,76,1,1.54,MA,1607900795
374,Nortelândia,-14.45,-56.8,76.06,85,88,2.55,BR,1607900795
375,Ubinskoye,55.31,79.68,1.45,94,89,7.09,RU,1607900795
376,Semnan,35.57,53.4,34.14,82,0,0.4,IR,1607900795
377,Morant Bay,17.88,-76.41,84.2,62,20,20.8,JM,1607900735
378,Tricase,39.93,18.36,53.6,81,40,11.41,IT,1607900795
379,Tot'ma,59.97,42.76,16.84,96,91,7.72,RU,1607900795
380,Derzhavīnsk,51.1,66.32,6.19,94,91,7.65,KZ,1607900795
381,Tsaratanana,-16.78,47.65,72.88,72,42,9.62,MG,1607900796
382,Vardø,70.37,31.11,26.6,85,0,10.29,NO,1607900796
383,Iralaya,15.0,-83.23,78.58,85,26,9.33,HN,1607900796
384,Berëzovka,53.72,25.5,31.51,98,100,3.51,BY,1607900796
385,Abhā,18.22,42.51,55.4,40,0,1.99,SA,1607900673
386,Whitehorse,60.72,-135.05,8.6,71,75,2.24,CA,1607900770
387,Kayerkan,69.35,87.76,-13.0,75,88,6.71,RU,1607900796
388,Humaitá,-7.51,-63.02,80.98,74,100,2.84,BR,1607900796
389,Soe,-9.86,124.28,72.03,91,80,1.14,ID,1607900796
390,Manta,-0.95,-80.73,82.4,65,0,10.29,EC,1607900796
391,Pokhara,28.23,83.98,54.63,36,0,4.88,NP,1607900582
392,Imeni Poliny Osipenko,52.42,136.49,2.19,93,100,10.25,RU,1607900796
393,Araouane,18.9,-3.53,66.2,28,0,6.96,ML,1607900796
394,Mayo,38.89,-76.51,55.0,71,1,8.05,US,1607900797
395,Kholmogory,64.22,41.66,21.2,92,90,4.47,RU,1607900797
396,Plettenberg Bay,-34.05,23.37,65.82,86,0,8.34,ZA,1607900797
397,Hillsborough,37.57,-122.38,59.0,100,90,4.7,US,1607900797
398,Chambas,22.19,-78.91,78.8,83,40,10.29,CU,1607900797
399,Sungai Penuh,-2.08,101.38,62.98,84,100,1.59,ID,1607900798
400,Bonavista,48.65,-53.11,28.99,100,100,3.36,CA,1607900778
401,Alihe,50.57,123.72,-11.85,81,2,4.7,CN,1607900798
402,Breves,-1.68,-50.48,76.35,89,65,3.85,BR,1607900798
403,Comodoro Rivadavia,-45.87,-67.5,66.2,29,100,31.09,AR,1607900747
404,Kokkola,63.84,23.13,27.0,85,75,6.93,FI,1607900798
405,Belyy Yar,53.6,91.39,21.2,62,0,13.42,RU,1607900798
406,Rochester,43.15,-77.62,37.0,69,90,10.29,US,1607900418
407,Gmina Lwówek Śląski,51.11,15.59,41.0,87,97,4.52,PL,1607900798
408,Puerto del Rosario,28.5,-13.86,68.0,68,75,4.7,ES,1607900799
409,Debre Birhan,9.68,39.53,43.83,66,23,4.54,ET,1607900799
410,Souillac,-20.52,57.52,75.2,88,75,14.99,MU,1607900799
411,Oktyabr'skiy,54.48,53.47,6.12,91,87,4.34,RU,1607900799
412,Port Augusta,-32.5,137.77,86.0,27,75,11.41,AU,1607900800
413,Nelson Bay,-32.72,152.15,73.0,73,75,11.41,AU,1607900800
414,Henties Bay,-22.12,14.28,62.01,91,33,2.86,NA,1607900800
415,Dingle,11.0,122.67,77.13,90,59,6.29,PH,1607900763
416,Ust'-Omchug,61.15,149.63,-25.29,81,92,6.8,RU,1607900800
417,Charters Towers,-20.1,146.27,79.47,58,99,3.83,AU,1607900800
418,Saint-François,46.42,3.91,43.0,93,0,2.24,FR,1607900800
419,Mount Isa,-20.73,139.5,84.2,51,100,11.41,AU,1607900800
420,Sémbé,1.65,14.58,71.87,90,29,2.39,CG,1607900800
421,Nokaneng,-19.67,22.27,75.43,65,50,8.55,BW,1607900800
422,Salalah,17.02,54.09,71.6,30,0,8.05,OM,1607900800
423,Pacifica,37.61,-122.49,57.99,100,90,4.7,US,1607900800
424,Shingū,33.73,135.98,47.17,70,63,9.71,JP,1607900800
425,Nabire,-3.37,135.48,81.05,80,98,2.77,ID,1607900801
426,Shirokiy,49.76,129.52,-19.68,86,0,9.17,RU,1607900801
427,Bay City,43.59,-83.89,32.0,94,90,5.82,US,1607900801
428,Isangel,-19.55,169.27,86.0,74,75,11.41,VU,1607900801
429,Kadoma,34.73,135.58,50.0,70,75,10.29,JP,1607900730
430,Stokmarknes,68.56,14.91,36.0,79,57,4.83,NO,1607900801
431,Lusambo,-4.97,23.45,67.3,95,86,1.54,CD,1607900801
432,Dubbo,-32.25,148.62,77.0,44,61,19.46,AU,1607900535
433,Jinchang,38.5,102.17,11.43,81,0,1.74,CN,1607900801
434,Klaksvík,62.23,-6.59,46.4,75,100,31.09,FO,1607900801
435,Portland,45.52,-122.68,43.0,81,90,9.17,US,1607900511
436,Marzuq,14.4,46.47,49.59,49,0,2.59,YE,1607900740
437,Mandalī,33.75,45.55,58.51,46,27,5.46,IQ,1607900801
438,Arlit,18.74,7.39,73.35,15,0,7.61,NE,1607900801
439,Mapiripán,2.89,-72.13,77.54,78,82,4.56,CO,1607900801
440,Lexington,37.99,-84.48,44.01,75,90,4.7,US,1607900691
441,Nikol'sk,53.72,46.07,8.35,94,5,7.63,RU,1607900802
442,Sitka,57.05,-135.33,44.6,45,75,21.92,US,1607900614
443,Ancud,-41.87,-73.82,53.01,81,90,14.99,CL,1607900802
444,Salinas,36.68,-121.66,59.0,87,90,9.17,US,1607900753
445,Jining,35.41,116.58,21.09,65,3,3.87,CN,1607900802
446,Kotka,60.47,26.95,28.0,92,90,2.24,FI,1607900802
447,Durban,-29.86,31.03,73.4,83,90,2.24,ZA,1607900802
448,Ayan,56.45,138.17,-10.93,92,100,25.39,RU,1607900802
449,Fairbanks,64.84,-147.72,6.8,77,75,8.05,US,1607900518
450,Palembang,-2.92,104.75,77.0,94,40,2.66,ID,1607900802
451,Puno,-15.83,-70.03,55.13,50,39,3.83,PE,1607900802
452,Chapada dos Guimarães,-15.46,-55.75,86.0,55,20,9.17,BR,1607900802
453,Grindavik,63.84,-22.43,42.8,74,0,20.8,IS,1607900803
454,Saldanha,-33.01,17.94,57.2,76,71,2.24,ZA,1607900803
455,Rouvroy,50.39,2.9,46.99,93,90,16.11,FR,1607900803
456,Kavaratti,10.57,72.64,81.41,68,2,2.17,IN,1607900803
457,Chu,43.6,73.76,7.97,93,0,2.68,KZ,1607900803
458,Boali,4.8,18.13,77.0,83,48,2.24,CF,1607900803
459,The Valley,18.22,-63.06,79.0,83,20,5.82,AI,1607900803
460,Fortuna,40.6,-124.16,53.01,90,99,1.99,US,1607900531
461,Poum,-20.23,164.02,81.3,80,56,25.88,NC,1607900803
462,Necochea,-38.55,-58.74,62.01,69,0,6.13,AR,1607900803
463,Pińczów,50.52,20.53,35.01,96,100,2.33,PL,1607900803
464,Lauria,40.05,15.84,43.39,82,8,7.72,IT,1607900803
465,Niltepec,16.57,-94.62,82.31,55,0,6.04,MX,1607900803
466,Greenfield,42.96,-88.01,28.99,73,90,9.17,US,1607900698
467,Santana do Acaraú,-3.46,-40.21,81.1,64,75,6.64,BR,1607900803
468,Touros,-5.2,-35.46,78.8,83,20,9.17,BR,1607900803
469,Manzhouli,49.6,117.43,-14.04,84,0,8.08,CN,1607900803
470,Sapulpa,36.0,-96.11,35.6,98,90,8.05,US,1607900804
471,Kodīnar,20.79,70.7,68.34,45,20,13.62,IN,1607900804
472,Angoche,-16.23,39.91,80.11,77,86,10.56,MZ,1607900804
473,Halifax,44.65,-63.57,50.0,100,87,10.29,CA,1607900804
474,Yanliang,34.66,109.23,32.0,79,0,8.95,CN,1607900804
475,Seymchan,62.88,152.43,-22.07,85,100,1.86,RU,1607900804
476,Port Hardy,50.7,-127.42,44.6,81,75,16.11,CA,1607900604
477,Garden City,42.33,-83.33,39.2,64,90,8.05,US,1607900801
478,Paka,4.64,103.44,75.2,94,100,1.12,MY,1607900804
479,Zyryanka,65.75,150.85,-24.21,86,100,8.16,RU,1607900804
480,Pervomayskoye,43.92,46.71,47.03,71,97,22.75,RU,1607900804
481,Agüimes,27.91,-15.45,64.4,68,20,6.93,ES,1607900804
482,Santa Marta,11.24,-74.2,84.99,68,7,13.0,CO,1607900805
483,Gawler,-34.6,138.73,88.0,27,43,11.99,AU,1607900776
484,Buraidah,26.33,43.98,53.6,87,0,4.7,SA,1607900613
485,Vihti,60.42,24.32,28.99,96,94,4.0,FI,1607900805
486,Kattivākkam,13.22,80.32,73.4,94,20,2.95,IN,1607900805
487,Bull Savanna,17.89,-77.59,75.58,84,9,8.05,JM,1607900805
488,Fare,-16.7,-151.02,80.83,72,2,11.1,PF,1607900805
489,St. George's,12.06,-61.75,80.6,88,20,5.82,GD,1607900805
490,Novoagansk,61.94,76.66,9.79,96,100,9.08,RU,1607900797
491,Kurume,33.32,130.52,44.01,32,96,3.0,JP,1607900780
492,Kloulklubed,7.04,134.26,82.4,78,75,11.41,PW,1607900805
493,Zemio,5.03,25.14,69.93,81,49,2.53,CF,1607900805
494,Tessalit,20.2,1.01,66.13,27,0,8.81,ML,1607900805
495,Linhares,-19.39,-40.07,70.63,86,10,3.6,BR,1607900798
496,Shache,38.42,77.24,24.13,98,94,5.55,CN,1607900805
497,Kisiwani,-4.13,37.95,69.01,87,4,2.42,TZ,1607900806
498,Carmo do Paranaíba,-19.0,-46.32,72.0,100,58,4.41,BR,1607900806
499,San Juan,-31.54,-68.54,79.48,22,0,4.34,AR,1607900806
500,Sala Consilina,40.39,15.6,48.99,89,48,1.01,IT,1607900806
501,Atar,20.52,-13.05,65.44,24,39,6.46,MR,1607900806
502,Sozimskiy,59.74,52.25,11.59,95,37,7.0,RU,1607900806
503,Viadana,44.93,10.53,44.01,82,0,1.1,IT,1607900806
504,Kapoeta,4.77,33.59,80.35,30,10,7.31,SS,1607900806
505,Birin,26.89,88.07,44.83,91,4,3.8,NP,1607900806
506,San Fernando,15.03,120.69,75.2,88,75,2.24,PH,1607900507
507,Mindelo,16.89,-24.98,73.4,64,20,18.34,CV,1607900806
508,São Félix do Xingu,-6.64,-51.99,77.59,75,91,2.24,BR,1607900806
509,Ketchikan,55.34,-131.65,42.8,56,90,13.87,US,1607900767
510,Karanganyar,-6.71,111.08,75.16,91,100,3.24,ID,1607900806
511,Denia,38.84,0.11,59.0,66,99,3.04,ES,1607900806
512,Kalmunai,7.42,81.82,74.53,83,99,8.32,LK,1607900806
513,Galesong,-5.32,119.37,75.2,100,75,5.82,ID,1607900807
514,Paoua,7.24,16.44,73.94,27,14,3.42,CF,1607900807
515,Xifeng,42.74,124.72,0.91,79,0,10.71,CN,1607900807
516,Bilma,18.69,12.92,71.17,22,0,11.5,NE,1607900807
517,Sangar,63.92,127.47,-47.02,77,76,3.65,RU,1607900807
518,Anito,12.45,125.29,80.4,84,100,7.0,PH,1607900807
519,Gigmoto,13.78,124.39,80.73,83,99,9.46,PH,1607900807
520,Harrismith,-28.27,29.13,62.1,71,95,3.31,ZA,1607900807
521,Acopiara,-6.1,-39.45,88.5,30,86,4.25,BR,1607900807
522,Itarema,-2.92,-39.92,81.12,75,50,14.83,BR,1607900807
523,Chenghai,23.46,116.77,66.2,77,40,6.71,CN,1607900807
524,Wasco,35.59,-119.34,64.4,54,90,3.36,US,1607900807
525,Codrington,-38.27,141.97,79.18,40,20,14.94,AU,1607900807
526,Mareeba,-17.0,145.43,82.99,69,90,1.12,AU,1607900807
527,Gulābpura,25.9,74.67,53.49,49,0,7.05,IN,1607900808
528,Naregal,15.58,75.82,64.9,69,0,7.25,IN,1607900808
529,Punta Cardon,11.66,-70.22,80.89,78,16,24.63,VE,1607900808
530,Rondonópolis,-16.47,-54.64,78.8,72,99,5.21,BR,1607900808
531,Lahat,-3.8,103.53,71.55,84,100,0.98,ID,1607900808
532,Santa Vitória do Palmar,-33.52,-53.37,66.7,69,100,11.43,BR,1607900808
533,Ostrovnoy,68.05,39.51,24.3,97,93,5.28,RU,1607900808
534,Karakol,42.49,78.39,16.59,80,32,4.54,KG,1607900808
535,Shakawe,-18.37,21.85,70.25,80,99,6.2,BW,1607900808
536,Huarmey,-10.07,-78.15,69.96,76,70,8.63,PE,1607900808
537,Assiut,27.18,31.18,68.0,28,0,17.22,EG,1607900808
538,Steinbach am Taunus,50.17,8.57,39.2,93,20,2.24,DE,1607900808
539,Los Llanos de Aridane,28.66,-17.92,64.4,82,0,7.81,ES,1607900808
540,Honiara,-9.43,159.95,87.8,70,40,2.24,SB,1607900808
541,Beaufort,5.35,115.75,77.0,94,20,3.06,MY,1607900775
542,Nogliki,51.83,143.17,3.85,91,99,11.86,RU,1607900809
543,Vostok,46.49,135.88,-13.7,91,96,4.5,RU,1607900809
544,Amahai,-3.33,128.92,84.99,84,97,1.01,ID,1607900809
545,Juneau,58.3,-134.42,30.99,86,40,10.29,US,1607900643
546,Krasnosel'kup,65.7,82.47,7.25,95,100,11.05,RU,1607900809
547,Lebyazh'ye,55.27,66.49,8.94,94,34,10.45,RU,1607900809
548,Acapulco de Juárez,16.86,-99.89,86.0,70,20,3.36,MX,1607900612
549,Kalmar,56.66,16.36,35.6,100,90,3.36,SE,1607900809
550,Alta Floresta,-9.88,-56.09,75.58,83,100,3.53,BR,1607900809
551,Keti Bandar,24.14,67.45,61.65,35,0,9.44,PK,1607900809
552,Visby,57.64,18.3,35.6,93,100,5.82,SE,1607900809
553,Plaster Rock,46.91,-67.39,33.8,86,90,3.36,CA,1607900810
554,Harar,9.31,42.13,53.49,54,21,5.12,ET,1607900810
555,Saint-Joseph,-21.37,55.62,73.4,88,90,16.11,RE,1607900770
556,Champerico,14.3,-91.92,87.8,55,40,9.17,GT,1607900810
557,Antalaha,-14.9,50.28,73.35,81,41,8.41,MG,1607900810
558,Luleå,65.58,22.15,28.4,100,98,4.7,SE,1607900810
559,Engel's,51.5,46.12,7.0,71,53,1.99,RU,1607900810
560,Upata,8.01,-62.4,71.33,91,100,5.5,VE,1607900706
561,Sampit,-2.53,112.95,75.06,91,100,0.56,ID,1607900810
562,Velikiy Ustyug,60.76,46.31,14.65,94,21,5.93,RU,1607900780
563,Luebo,-5.35,21.42,67.01,96,61,1.16,CD,1607900810
564,Tamandaré,-8.76,-35.1,78.26,78,51,9.31,BR,1607900810
565,Vanimo,-2.67,141.3,81.77,80,99,4.36,PG,1607900810
566,Cockburn Town,21.46,-71.14,78.8,74,40,9.17,TC,1607900810
567,Mamakan,57.82,114.0,-29.13,77,87,1.39,RU,1607900810
568,Khovd,48.01,91.64,-3.62,82,55,1.21,MN,1607900810
569,Beruwala,6.48,79.98,73.24,91,73,7.0,LK,1607900811
570,Nushki,29.55,66.02,42.08,64,0,5.17,PK,1607900809
571,São Miguel do Araguaia,-13.28,-50.16,80.06,68,63,3.87,BR,1607900811
572,Strathroy,42.96,-81.62,30.99,80,98,3.0,CA,1607900811
573,Aranos,-24.13,19.12,74.53,19,0,10.94,NA,1607900811
574,Slonim,53.09,25.32,31.77,98,100,3.18,BY,1607900811
575,Damaturu,11.75,11.96,75.02,19,0,7.49,NG,1607900811
576,Arujá,-23.4,-46.32,75.2,78,75,5.82,BR,1607900699
577,Camargo,27.67,-105.17,57.97,33,0,18.86,MX,1607900811
578,Burgeo,47.62,-57.62,33.12,93,99,26.02,CA,1607900811
579,Maceió,-9.67,-35.74,78.8,78,40,6.93,BR,1607900811
580,Nāthdwāra,24.93,73.82,53.51,61,1,5.59,IN,1607900811
581,Opuwo,-18.06,13.84,62.78,45,0,3.22,NA,1607900811
582,Mae Chan,20.15,99.85,60.01,100,0,2.24,TH,1607900811
583,Krasnyy Chikoy,50.36,108.75,-14.78,83,92,2.8,RU,1607900812
584,Lawrenceburg,38.04,-84.9,44.6,70,90,2.26,US,1607900812
585,Staraya Poltavka,50.48,46.48,13.8,96,14,9.17,RU,1607900812
586,Luanda,-8.84,13.23,75.2,78,20,4.7,AO,1607900641
587,Vyazemskiy,47.54,134.75,-4.11,82,58,10.33,RU,1607900812
588,Caorle,45.6,12.88,37.4,93,0,3.36,IT,1607900812
589,Half Moon Bay,37.46,-122.43,59.0,100,90,4.7,US,1607900812
590,Si Chiang Mai,17.96,102.59,67.08,74,81,2.28,TH,1607900812
591,Gallup,35.53,-108.74,32.0,54,1,5.82,US,1607900812
592,Tangi,34.3,71.65,48.2,87,75,4.7,PK,1607900812
593,Grand Gaube,-20.01,57.66,73.99,84,26,3.0,MU,1607900812
594,San Ramon,37.78,-121.98,57.99,93,90,9.17,US,1607900638
595,Hīt,33.64,42.83,57.27,53,59,4.97,IQ,1607900812
596,Sola,-13.88,167.55,78.8,100,75,13.24,VU,1607900813
597,Bahía Honda,22.9,-83.16,74.79,80,6,6.35,CU,1607900813
598,Vacha,55.8,42.77,13.91,95,59,7.81,RU,1607900813
599,Luba,3.46,8.55,78.8,100,20,4.7,GQ,1607900811
600,Santa Rosalía,27.32,-112.28,63.68,35,0,16.35,MX,1607900813
601,Enid,36.4,-97.88,32.0,97,90,19.46,US,1607900776
602,Hay River,60.82,-115.8,-16.6,75,21,2.24,CA,1607900813
603,Verkhniye Sergi,56.65,59.56,5.09,94,97,10.0,RU,1607900813
604,Bulgan,48.81,103.53,-5.4,81,16,2.33,MN,1607900813
605,Kumta,14.42,74.4,74.14,59,0,5.84,IN,1607900813
606,Świdnik,51.22,22.7,32.0,96,90,3.36,PL,1607900813
607,Kang,-23.68,22.79,76.6,42,5,6.2,BW,1607900813
608,Skellefteå,64.75,20.95,32.0,98,91,3.36,SE,1607900813
609,Villa Carlos Paz,-31.42,-64.5,77.0,17,0,13.87,AR,1607900814
610,Kirakira,-10.45,161.92,85.91,62,62,3.06,SB,1607900814
611,Nanchang,28.68,115.88,38.25,90,100,15.93,CN,1607900704
612,Talcahuano,-36.72,-73.12,64.4,55,0,19.46,CL,1607900814
